Block_Name,District,Year,Schools
AFZALPUR,GULBARGA,2005,168
ALAND,GULBARGA,2005,269
ALUR,HASSAN,2005,205
ANKOLA,UTTARA KANNADA,2005,167
ARAKALAGUDU,HASSAN,2005,360
ARASIKERE,HASSAN,2005,481
ATHANI,BELGAUM CHIKKODI,2005,442
AURAD,BIDAR,2005,267
BADAMI,BAGALKOT,2005,264
BAGALKOT,BAGALKOT,2005,180
BAGEPALLY,CHIKKABALLAPURA,2005,346
BAILHONGAL,BELGAUM,2005,243
BANGARAPETE,KOLAR,2005,540
BANTWAL,DAKSHINA KANNADA,2005,277
BASAVAKALYAN,BIDAR,2005,260
BASAVAN  BAGEWADI,BIJAPUR,2005,306
BELGAUM CITY,BELGAUM,2005,200
BELGAUM RURAL.,BELGAUM,2005,310
BELTHANGADY,DAKSHINA KANNADA,2005,217
BELUR,HASSAN,2005,358
BHADRAVATI,SHIMOGA,2005,353
BHALKI,BIDAR,2005,219
BHATKAL,UTTARA KANNADA,2005,180
BIDAR,BIDAR,2005,329
BILAGI,BAGALKOT,2005,129
BYADAGI,HAVERI,2005,113
CHALLAKERE,CHITRADURGA,2005,389
CHAMARAJA NAGAR,CHAMARAJANAGARA,2005,381
CHANNAGIRI,DAVANAGERE,2005,331
CHANNAPATNA,RAMANAGARA,2005,281
CHANNARAYAPATNA,HASSAN,2005,472
CHIKKABALLAPUR,CHIKKABALLAPURA,2005,287
CHIKMAGALUR,CHIKKAMANGALORE,2005,422
CHIKNAYAKANHALLI,TUMKUR,2005,360
CHIKODI,BELGAUM CHIKKODI,2005,288
CHINCHOLI,GULBARGA,2005,256
CHINTAMANI,CHIKKABALLAPURA,2005,435
CHITRADURGA,CHITRADURGA,2005,391
CHITTAPUR,GULBARGA,2005,320
DAVANAGERE(N),DAVANAGERE,2005,234
DAVANAGERE(S),DAVANAGERE,2005,266
DEVADURGA,RAICHUR,2005,245
DEVANAHALLI,BANGALORE RURAL,2005,255
DHARWAD,DHARWAD,2005,299
DODDABALLAPURA,BANGALORE RURAL,2005,410
GANGAVATHI,KOPPAL,2005,377
GOKAK,BELGAUM CHIKKODI,2005,423
GOWRIBIDANUR,CHIKKABALLAPURA,2005,363
GUBBI,TUMKUR,2005,437
GUDIBANDA,CHIKKABALLAPURA,2005,111
GUNDULPET,CHAMARAJANAGARA,2005,273
H.D.KOTE,MYSORE,2005,348
HADAGALI,BELLARY,2005,166
HAGARIBOMMANAHALLI,BELLARY,2005,148
HALIYAL,UTTARA KANNADA SIRSI,2005,176
HANAGAL,HAVERI,2005,238
HARAPANAHALLI,DAVANAGERE,2005,298
HARIHARA,DAVANAGERE,2005,207
HASSAN,HASSAN,2005,536
HAVERI,HAVERI,2005,183
HIREKERUR,HAVERI,2005,205
HIRIYUR,CHITRADURGA,2005,325
HOLALKERE,CHITRADURGA,2005,259
HOLENARASIPURA,HASSAN,2005,290
HONNALI,DAVANAGERE,2005,234
HONNAVAR,UTTARA KANNADA,2005,298
HOSADURGA,CHITRADURGA,2005,335
HOSAKOTE,BANGALORE RURAL,2005,320
HOSANAGAR,SHIMOGA,2005,242
HOSPET,BELLARY,2005,276
HUBLI,DHARWAD,2005,333
HUKKERI,BELGAUM CHIKKODI,2005,285
HUMNABAD,BIDAR,2005,236
HUNAGUND,BAGALKOT,2005,264
HUNSUR,MYSORE,2005,312
INDI,BIJAPUR,2005,424
JAMAKHANDI,BAGALKOT,2005,306
JEWARGI,GULBARGA,2005,222
JOIDA,UTTARA KANNADA SIRSI,2005,173
K.R.NAGARA,MYSORE,2005,260
KADUR,CHIKKAMANGALORE,2005,449
KALGHATAGI,DHARWAD,2005,123
KANAKAPURA,RAMANAGARA,2005,495
KARKALA,UDUPI,2005,209
KARWAR,UTTARA KANNADA,2005,191
KHANAPUR,BELGAUM,2005,337
KOLAR,KOLAR,2005,444
KOLLEGAL,CHAMARAJANAGARA,2005,514
KOPPA,CHIKKAMANGALORE,2005,156
KOPPAL,KOPPAL,2005,257
KORATAGERE,TUMKUR MADHUGIRI,2005,273
KRISHNARAJA PET,MANDYA,2005,381
KUDLIGI,BELLARY,2005,305
KUMTA,UTTARA KANNADA,2005,225
KUNDAGOL,DHARWAD,2005,112
KUNIGAL,TUMKUR,2005,471
KUSTAGI,KOPPAL,2005,230
LINGASUGUR,RAICHUR,2005,312
MADDUR,MANDYA,2005,301
MADHUGIRI,TUMKUR MADHUGIRI,2005,406
MADIKERI,KODAGU,2005,159
MAGADI,RAMANAGARA,2005,431
MALAVALLY,MANDYA,2005,307
MALUR,KOLAR,2005,351
MANVI,RAICHUR,2005,295
MOLAKALMUR,CHITRADURGA,2005,153
MOODIGERE,CHIKKAMANGALORE,2005,235
MUDDEBIHAL,BIJAPUR,2005,269
MUDHOL,BAGALKOT,2005,231
MULBAGAL,KOLAR,2005,404
MUNDAGOD,UTTARA KANNADA SIRSI,2005,135
MUNDARAGI,GADAG,2005,106
MYSORE RURAL,MYSORE,2005,270
NAGAMANGALA,MANDYA,2005,393
NANJANAGUD,MYSORE,2005,299
NARAGUND,GADAG,2005,62
NARASIMHARAJAPURA,CHIKKAMANGALORE,2005,116
NAVALGUND,DHARWAD,2005,120
NELAMANGALA,BANGALORE RURAL,2005,335
NIPPANI,BELGAUM CHIKKODI,2005,233
PANDAVAPURA,MANDYA,2005,211
PAVAGADA,TUMKUR MADHUGIRI,2005,270
PERIYA PATNA,MYSORE,2005,296
PUTTUR,DAKSHINA KANNADA,2005,217
RAIBAG,BELGAUM CHIKKODI,2005,350
RAICHUR,RAICHUR,2005,302
RAMANAGARA,RAMANAGARA,2005,344
RAMDURG,BELGAUM,2005,219
RON,GADAG,2005,185
SAGAR,SHIMOGA,2005,338
SAKALESHAPURA,HASSAN,2005,207
SANDUR,BELLARY,2005,181
SAVANUR,HAVERI,2005,115
SEDAM,GULBARGA,2005,227
SHAHAPUR,YADAGIRI,2005,267
SHIGGOAN,HAVERI,2005,170
SHIKARIPUR,SHIMOGA,2005,262
SHIMOGA,SHIMOGA,2005,437
SHIRHATTI,GADAG,2005,158
SHORAPUR,YADAGIRI,2005,352
SIDDAPUR,UTTARA KANNADA SIRSI,2005,229
SIDLAGHATTA,CHIKKABALLAPURA,2005,301
SINDAGI,BIJAPUR,2005,307
SINDHANUR,RAICHUR,2005,315
SIRA,TUMKUR MADHUGIRI,2005,455
SIRSI,UTTARA KANNADA SIRSI,2005,298
SIRUGUPPA,BELLARY,2005,204
SOMAVARPET,KODAGU,2005,177
SORAB,SHIMOGA,2005,327
SOUNDATTI,BELGAUM,2005,251
SRINGERI,CHIKKAMANGALORE,2005,82
SRINIVASAPUR,KOLAR,2005,366
SRIRANGA PATNA,MANDYA,2005,169
SULLIA,DAKSHINA KANNADA,2005,162
T.N.PURA,MYSORE,2005,269
TARIKERE,CHIKKAMANGALORE,2005,308
THIRTHAHALLI,SHIMOGA,2005,271
TIPTUR,TUMKUR,2005,335
TUMKUR,TUMKUR,2005,671
TURUVEKERE,TUMKUR,2005,342
UDUPI,UDUPI,2005,358
VIRAJPET,KODAGU,2005,168
YADGIR,YADAGIRI,2005,276
YELANDUR,CHAMARAJANAGARA,2005,72
YELBURGA,KOPPAL,2005,196
YELLAPUR,UTTARA KANNADA SIRSI,2005,187
AFZALPUR,GULBARGA,2006,174
ALAND,GULBARGA,2006,283
ALUR,HASSAN,2006,203
ANKOLA,UTTARA KANNADA,2006,171
ARAKALAGUDU,HASSAN,2006,363
ARASIKERE,HASSAN,2006,479
ATHANI,BELGAUM CHIKKODI,2006,494
AURAD,BIDAR,2006,294
BADAMI,BAGALKOT,2006,275
BAGALKOT,BAGALKOT,2006,218
BAGEPALLY,CHIKKABALLAPURA,2006,336
BAILHONGAL,BELGAUM,2006,283
BANGARAPETE,KOLAR,2006,550
BANTWAL,DAKSHINA KANNADA,2006,289
BASAVAKALYAN,BIDAR,2006,279
BASAVAN  BAGEWADI,BIJAPUR,2006,307
BELGAUM CITY,BELGAUM,2006,225
BELGAUM RURAL.,BELGAUM,2006,320
BELTHANGADY,DAKSHINA KANNADA,2006,221
BELUR,HASSAN,2006,362
BHADRAVATI,SHIMOGA,2006,346
BHALKI,BIDAR,2006,246
BHATKAL,UTTARA KANNADA,2006,188
BIDAR,BIDAR,2006,359
BILAGI,BAGALKOT,2006,145
BYADAGI,HAVERI,2006,117
CHALLAKERE,CHITRADURGA,2006,395
CHAMARAJA NAGAR,CHAMARAJANAGARA,2006,313
CHANNAGIRI,DAVANAGERE,2006,334
CHANNAPATNA,RAMANAGARA,2006,275
CHANNARAYAPATNA,HASSAN,2006,474
CHIKKABALLAPUR,CHIKKABALLAPURA,2006,281
CHIKMAGALUR,CHIKKAMANGALORE,2006,467
CHIKNAYAKANHALLI,TUMKUR,2006,368
CHIKODI,BELGAUM CHIKKODI,2006,298
CHINCHOLI,GULBARGA,2006,259
CHINTAMANI,CHIKKABALLAPURA,2006,410
CHITRADURGA,CHITRADURGA,2006,405
CHITTAPUR,GULBARGA,2006,324
DAVANAGERE(N),DAVANAGERE,2006,235
DAVANAGERE(S),DAVANAGERE,2006,288
DEVADURGA,RAICHUR,2006,249
DEVANAHALLI,BANGALORE RURAL,2006,251
DHARWAD,DHARWAD,2006,310
DODDABALLAPURA,BANGALORE RURAL,2006,400
GANGAVATHI,KOPPAL,2006,398
GOKAK,BELGAUM CHIKKODI,2006,460
GOWRIBIDANUR,CHIKKABALLAPURA,2006,353
GUBBI,TUMKUR,2006,437
GUDIBANDA,CHIKKABALLAPURA,2006,108
GUNDULPET,CHAMARAJANAGARA,2006,200
H.D.KOTE,MYSORE,2006,353
HADAGALI,BELLARY,2006,174
HAGARIBOMMANAHALLI,BELLARY,2006,158
HALIYAL,UTTARA KANNADA SIRSI,2006,178
HANAGAL,HAVERI,2006,246
HARAPANAHALLI,DAVANAGERE,2006,303
HARIHARA,DAVANAGERE,2006,206
HASSAN,HASSAN,2006,554
HAVERI,HAVERI,2006,188
HIREKERUR,HAVERI,2006,217
HIRIYUR,CHITRADURGA,2006,325
HOLALKERE,CHITRADURGA,2006,256
HOLENARASIPURA,HASSAN,2006,294
HONNALI,DAVANAGERE,2006,245
HONNAVAR,UTTARA KANNADA,2006,300
HOSADURGA,CHITRADURGA,2006,323
HOSAKOTE,BANGALORE RURAL,2006,307
HOSANAGAR,SHIMOGA,2006,241
HOSPET,BELLARY,2006,290
HUBLI,DHARWAD,2006,355
HUKKERI,BELGAUM CHIKKODI,2006,293
HUMNABAD,BIDAR,2006,272
HUNAGUND,BAGALKOT,2006,271
HUNSUR,MYSORE,2006,326
INDI,BIJAPUR,2006,435
JAMAKHANDI,BAGALKOT,2006,354
JEWARGI,GULBARGA,2006,236
JOIDA,UTTARA KANNADA SIRSI,2006,175
K.R.NAGARA,MYSORE,2006,264
KADUR,CHIKKAMANGALORE,2006,441
KALGHATAGI,DHARWAD,2006,129
KANAKAPURA,RAMANAGARA,2006,497
KARKALA,UDUPI,2006,210
KARWAR,UTTARA KANNADA,2006,195
KHANAPUR,BELGAUM,2006,341
KOLAR,KOLAR,2006,470
KOLLEGAL,CHAMARAJANAGARA,2006,431
KOPPA,CHIKKAMANGALORE,2006,157
KOPPAL,KOPPAL,2006,260
KORATAGERE,TUMKUR MADHUGIRI,2006,279
KRISHNARAJA PET,MANDYA,2006,382
KUDLIGI,BELLARY,2006,315
KUMTA,UTTARA KANNADA,2006,228
KUNDAGOL,DHARWAD,2006,114
KUNIGAL,TUMKUR,2006,468
KUSTAGI,KOPPAL,2006,228
LINGASUGUR,RAICHUR,2006,323
MADDUR,MANDYA,2006,306
MADHUGIRI,TUMKUR MADHUGIRI,2006,394
MADIKERI,KODAGU,2006,155
MAGADI,RAMANAGARA,2006,432
MALAVALLY,MANDYA,2006,307
MALUR,KOLAR,2006,364
MANVI,RAICHUR,2006,300
MOLAKALMUR,CHITRADURGA,2006,154
MOODIGERE,CHIKKAMANGALORE,2006,230
MUDDEBIHAL,BIJAPUR,2006,271
MUDHOL,BAGALKOT,2006,265
MULBAGAL,KOLAR,2006,428
MUNDAGOD,UTTARA KANNADA SIRSI,2006,136
MUNDARAGI,GADAG,2006,108
MYSORE RURAL,MYSORE,2006,285
NAGAMANGALA,MANDYA,2006,396
NANJANAGUD,MYSORE,2006,308
NARAGUND,GADAG,2006,65
NARASIMHARAJAPURA,CHIKKAMANGALORE,2006,115
NAVALGUND,DHARWAD,2006,125
NELAMANGALA,BANGALORE RURAL,2006,337
NIPPANI,BELGAUM CHIKKODI,2006,230
PANDAVAPURA,MANDYA,2006,215
PAVAGADA,TUMKUR MADHUGIRI,2006,274
PERIYA PATNA,MYSORE,2006,306
PUTTUR,DAKSHINA KANNADA,2006,219
RAIBAG,BELGAUM CHIKKODI,2006,374
RAICHUR,RAICHUR,2006,326
RAMANAGARA,RAMANAGARA,2006,342
RAMDURG,BELGAUM,2006,231
RON,GADAG,2006,195
SAGAR,SHIMOGA,2006,336
SAKALESHAPURA,HASSAN,2006,207
SANDUR,BELLARY,2006,184
SAVANUR,HAVERI,2006,119
SEDAM,GULBARGA,2006,239
SHAHAPUR,YADAGIRI,2006,271
SHIGGOAN,HAVERI,2006,171
SHIKARIPUR,SHIMOGA,2006,259
SHIMOGA,SHIMOGA,2006,443
SHIRHATTI,GADAG,2006,156
SHORAPUR,YADAGIRI,2006,370
SIDDAPUR,UTTARA KANNADA SIRSI,2006,231
SIDLAGHATTA,CHIKKABALLAPURA,2006,284
SINDAGI,BIJAPUR,2006,332
SINDHANUR,RAICHUR,2006,342
SIRA,TUMKUR MADHUGIRI,2006,437
SIRSI,UTTARA KANNADA SIRSI,2006,297
SIRUGUPPA,BELLARY,2006,224
SOMAVARPET,KODAGU,2006,184
SORAB,SHIMOGA,2006,324
SOUNDATTI,BELGAUM,2006,263
SRINGERI,CHIKKAMANGALORE,2006,80
SRINIVASAPUR,KOLAR,2006,374
SRIRANGA PATNA,MANDYA,2006,166
SULLIA,DAKSHINA KANNADA,2006,164
T.N.PURA,MYSORE,2006,267
TARIKERE,CHIKKAMANGALORE,2006,335
THIRTHAHALLI,SHIMOGA,2006,272
TIPTUR,TUMKUR,2006,337
TUMKUR,TUMKUR,2006,665
TURUVEKERE,TUMKUR,2006,341
UDUPI,UDUPI,2006,356
VIRAJPET,KODAGU,2006,178
YADGIR,YADAGIRI,2006,293
YELANDUR,CHAMARAJANAGARA,2006,72
YELBURGA,KOPPAL,2006,198
YELLAPUR,UTTARA KANNADA SIRSI,2006,186
AFZALPUR,GULBARGA,2007,179
ALAND,GULBARGA,2007,302
ALUR,HASSAN,2007,197
ANKOLA,UTTARA KANNADA,2007,171
ARAKALAGUDU,HASSAN,2007,356
ARASIKERE,HASSAN,2007,486
ATHANI,BELGAUM CHIKKODI,2007,372
AURAD,BIDAR,2007,301
BADAMI,BAGALKOT,2007,283
BAGALKOT,BAGALKOT,2007,220
BAGEPALLY,CHIKKABALLAPURA,2007,345
BAILHONGAL,BELGAUM,2007,270
BANGARAPETE,KOLAR,2007,442
BANTWAL,DAKSHINA KANNADA,2007,289
BASAVAKALYAN,BIDAR,2007,286
BASAVAN  BAGEWADI,BIJAPUR,2007,326
BELGAUM CITY,BELGAUM,2007,212
BELGAUM RURAL.,BELGAUM,2007,316
BELTHANGADY,DAKSHINA KANNADA,2007,222
BELUR,HASSAN,2007,353
BHADRAVATI,SHIMOGA,2007,354
BHALKI,BIDAR,2007,328
BHATKAL,UTTARA KANNADA,2007,188
BIDAR,BIDAR,2007,419
BILAGI,BAGALKOT,2007,157
BYADAGI,HAVERI,2007,119
CHALLAKERE,CHITRADURGA,2007,398
CHAMARAJA NAGAR,CHAMARAJANAGARA,2007,319
CHANNAGIRI,DAVANAGERE,2007,342
CHANNAPATNA,RAMANAGARA,2007,277
CHANNARAYAPATNA,HASSAN,2007,472
CHIKKABALLAPUR,CHIKKABALLAPURA,2007,288
CHIKMAGALUR,CHIKKAMANGALORE,2007,470
CHIKNAYAKANHALLI,TUMKUR,2007,375
CHIKODI,BELGAUM CHIKKODI,2007,294
CHINCHOLI,GULBARGA,2007,273
CHINTAMANI,CHIKKABALLAPURA,2007,414
CHITRADURGA,CHITRADURGA,2007,411
CHITTAPUR,GULBARGA,2007,325
DAVANAGERE(N),DAVANAGERE,2007,247
DAVANAGERE(S),DAVANAGERE,2007,287
DEVADURGA,RAICHUR,2007,255
DEVANAHALLI,BANGALORE RURAL,2007,256
DHARWAD,DHARWAD,2007,203
DODDABALLAPURA,BANGALORE RURAL,2007,416
GANGAVATHI,KOPPAL,2007,422
GOKAK,BELGAUM CHIKKODI,2007,189
GOWRIBIDANUR,CHIKKABALLAPURA,2007,359
GUBBI,TUMKUR,2007,446
GUDIBANDA,CHIKKABALLAPURA,2007,110
GUNDULPET,CHAMARAJANAGARA,2007,209
H.D.KOTE,MYSORE,2007,350
HADAGALI,BELLARY,2007,180
HAGARIBOMMANAHALLI,BELLARY,2007,156
HALIYAL,UTTARA KANNADA SIRSI,2007,181
HANAGAL,HAVERI,2007,247
HARAPANAHALLI,DAVANAGERE,2007,310
HARIHARA,DAVANAGERE,2007,207
HASSAN,HASSAN,2007,549
HAVERI,HAVERI,2007,196
HIREKERUR,HAVERI,2007,225
HIRIYUR,CHITRADURGA,2007,336
HOLALKERE,CHITRADURGA,2007,259
HOLENARASIPURA,HASSAN,2007,297
HONNALI,DAVANAGERE,2007,249
HONNAVAR,UTTARA KANNADA,2007,299
HOSADURGA,CHITRADURGA,2007,326
HOSAKOTE,BANGALORE RURAL,2007,310
HOSANAGAR,SHIMOGA,2007,246
HOSPET,BELLARY,2007,290
HUBLI,DHARWAD,2007,148
HUKKERI,BELGAUM CHIKKODI,2007,284
HUMNABAD,BIDAR,2007,274
HUNAGUND,BAGALKOT,2007,283
HUNSUR,MYSORE,2007,334
INDI,BIJAPUR,2007,316
JAMAKHANDI,BAGALKOT,2007,363
JEWARGI,GULBARGA,2007,247
JOIDA,UTTARA KANNADA SIRSI,2007,171
K.R.NAGARA,MYSORE,2007,265
KADUR,CHIKKAMANGALORE,2007,298
KALGHATAGI,DHARWAD,2007,132
KANAKAPURA,RAMANAGARA,2007,505
KARKALA,UDUPI,2007,215
KARWAR,UTTARA KANNADA,2007,191
KHANAPUR,BELGAUM,2007,347
KOLAR,KOLAR,2007,480
KOLLEGAL,CHAMARAJANAGARA,2007,122
KOPPA,CHIKKAMANGALORE,2007,157
KOPPAL,KOPPAL,2007,271
KORATAGERE,TUMKUR MADHUGIRI,2007,283
KRISHNARAJA PET,MANDYA,2007,378
KUDLIGI,BELLARY,2007,324
KUMTA,UTTARA KANNADA,2007,228
KUNDAGOL,DHARWAD,2007,114
KUNIGAL,TUMKUR,2007,471
KUSTAGI,KOPPAL,2007,238
LINGASUGUR,RAICHUR,2007,333
MADDUR,MANDYA,2007,307
MADHUGIRI,TUMKUR MADHUGIRI,2007,400
MADIKERI,KODAGU,2007,157
MAGADI,RAMANAGARA,2007,436
MALAVALLY,MANDYA,2007,306
MALUR,KOLAR,2007,365
MANVI,RAICHUR,2007,312
MOLAKALMUR,CHITRADURGA,2007,160
MOODIGERE,CHIKKAMANGALORE,2007,228
MUDDEBIHAL,BIJAPUR,2007,286
MUDHOL,BAGALKOT,2007,282
MULBAGAL,KOLAR,2007,433
MUNDAGOD,UTTARA KANNADA SIRSI,2007,141
MUNDARAGI,GADAG,2007,110
MYSORE RURAL,MYSORE,2007,286
NAGAMANGALA,MANDYA,2007,396
NANJANAGUD,MYSORE,2007,311
NARAGUND,GADAG,2007,68
NARASIMHARAJAPURA,CHIKKAMANGALORE,2007,114
NAVALGUND,DHARWAD,2007,128
NELAMANGALA,BANGALORE RURAL,2007,338
NIPPANI,BELGAUM CHIKKODI,2007,229
PANDAVAPURA,MANDYA,2007,217
PAVAGADA,TUMKUR MADHUGIRI,2007,277
PERIYA PATNA,MYSORE,2007,312
PUTTUR,DAKSHINA KANNADA,2007,226
RAIBAG,BELGAUM CHIKKODI,2007,378
RAICHUR,RAICHUR,2007,351
RAMANAGARA,RAMANAGARA,2007,361
RAMDURG,BELGAUM,2007,225
RON,GADAG,2007,201
SAGAR,SHIMOGA,2007,348
SAKALESHAPURA,HASSAN,2007,210
SANDUR,BELLARY,2007,188
SAVANUR,HAVERI,2007,122
SEDAM,GULBARGA,2007,246
SHAHAPUR,YADAGIRI,2007,305
SHIGGOAN,HAVERI,2007,173
SHIKARIPUR,SHIMOGA,2007,269
SHIMOGA,SHIMOGA,2007,464
SHIRHATTI,GADAG,2007,160
SHORAPUR,YADAGIRI,2007,380
SIDDAPUR,UTTARA KANNADA SIRSI,2007,230
SIDLAGHATTA,CHIKKABALLAPURA,2007,284
SINDAGI,BIJAPUR,2007,380
SINDHANUR,RAICHUR,2007,370
SIRA,TUMKUR MADHUGIRI,2007,450
SIRSI,UTTARA KANNADA SIRSI,2007,304
SIRUGUPPA,BELLARY,2007,230
SOMAVARPET,KODAGU,2007,186
SORAB,SHIMOGA,2007,330
SOUNDATTI,BELGAUM,2007,245
SRINGERI,CHIKKAMANGALORE,2007,80
SRINIVASAPUR,KOLAR,2007,375
SRIRANGA PATNA,MANDYA,2007,171
SULLIA,DAKSHINA KANNADA,2007,165
T.N.PURA,MYSORE,2007,265
TARIKERE,CHIKKAMANGALORE,2007,301
THIRTHAHALLI,SHIMOGA,2007,275
TIPTUR,TUMKUR,2007,345
TUMKUR,TUMKUR,2007,685
TURUVEKERE,TUMKUR,2007,346
UDUPI,UDUPI,2007,185
VIRAJPET,KODAGU,2007,177
YADGIR,YADAGIRI,2007,300
YELANDUR,CHAMARAJANAGARA,2007,70
YELBURGA,KOPPAL,2007,221
YELLAPUR,UTTARA KANNADA SIRSI,2007,191
AFZALPUR,GULBARGA,2008,195
ALAND,GULBARGA,2008,311
ALUR,HASSAN,2008,195
ANKOLA,UTTARA KANNADA,2008,174
ARAKALAGUDU,HASSAN,2008,358
ARASIKERE,HASSAN,2008,494
ATHANI,BELGAUM CHIKKODI,2008,398
AURAD,BIDAR,2008,321
BADAMI,BAGALKOT,2008,287
BAGALKOT,BAGALKOT,2008,232
BAGEPALLY,CHIKKABALLAPURA,2008,350
BAILHONGAL,BELGAUM,2008,284
BANGARAPETE,KOLAR,2008,375
BANTWAL,DAKSHINA KANNADA,2008,295
BASAVAKALYAN,BIDAR,2008,308
BASAVAN  BAGEWADI,BIJAPUR,2008,339
BELGAUM CITY,BELGAUM,2008,240
BELGAUM RURAL.,BELGAUM,2008,326
BELTHANGADY,DAKSHINA KANNADA,2008,227
BELUR,HASSAN,2008,359
BHADRAVATI,SHIMOGA,2008,355
BHALKI,BIDAR,2008,335
BHATKAL,UTTARA KANNADA,2008,198
BIDAR,BIDAR,2008,438
BILAGI,BAGALKOT,2008,157
BYADAGI,HAVERI,2008,124
CHALLAKERE,CHITRADURGA,2008,430
CHAMARAJA NAGAR,CHAMARAJANAGARA,2008,325
CHANNAGIRI,DAVANAGERE,2008,348
CHANNAPATNA,RAMANAGARA,2008,280
CHANNARAYAPATNA,HASSAN,2008,473
CHIKKABALLAPUR,CHIKKABALLAPURA,2008,302
CHIKMAGALUR,CHIKKAMANGALORE,2008,440
CHIKNAYAKANHALLI,TUMKUR,2008,360
CHIKODI,BELGAUM CHIKKODI,2008,299
CHINCHOLI,GULBARGA,2008,298
CHINTAMANI,CHIKKABALLAPURA,2008,429
CHITRADURGA,CHITRADURGA,2008,409
CHITTAPUR,GULBARGA,2008,376
DAVANAGERE(N),DAVANAGERE,2008,244
DAVANAGERE(S),DAVANAGERE,2008,281
DEVADURGA,RAICHUR,2008,331
DEVANAHALLI,BANGALORE RURAL,2008,262
DHARWAD,DHARWAD,2008,205
DODDABALLAPURA,BANGALORE RURAL,2008,407
GANGAVATHI,KOPPAL,2008,418
GOKAK,BELGAUM CHIKKODI,2008,199
GOWRIBIDANUR,CHIKKABALLAPURA,2008,356
GUBBI,TUMKUR,2008,452
GUDIBANDA,CHIKKABALLAPURA,2008,112
GUNDULPET,CHAMARAJANAGARA,2008,210
H.D.KOTE,MYSORE,2008,351
HADAGALI,BELLARY,2008,181
HAGARIBOMMANAHALLI,BELLARY,2008,161
HALIYAL,UTTARA KANNADA SIRSI,2008,183
HANAGAL,HAVERI,2008,257
HARAPANAHALLI,DAVANAGERE,2008,311
HARIHARA,DAVANAGERE,2008,205
HASSAN,HASSAN,2008,546
HAVERI,HAVERI,2008,196
HIREKERUR,HAVERI,2008,232
HIRIYUR,CHITRADURGA,2008,367
HOLALKERE,CHITRADURGA,2008,267
HOLENARASIPURA,HASSAN,2008,295
HONNALI,DAVANAGERE,2008,250
HONNAVAR,UTTARA KANNADA,2008,303
HOSADURGA,CHITRADURGA,2008,339
HOSAKOTE,BANGALORE RURAL,2008,314
HOSANAGAR,SHIMOGA,2008,245
HOSPET,BELLARY,2008,295
HUBLI,DHARWAD,2008,152
HUKKERI,BELGAUM CHIKKODI,2008,320
HUMNABAD,BIDAR,2008,277
HUNAGUND,BAGALKOT,2008,281
HUNSUR,MYSORE,2008,336
INDI,BIJAPUR,2008,320
JAMAKHANDI,BAGALKOT,2008,373
JEWARGI,GULBARGA,2008,264
JOIDA,UTTARA KANNADA SIRSI,2008,171
K.R.NAGARA,MYSORE,2008,269
KADUR,CHIKKAMANGALORE,2008,283
KALGHATAGI,DHARWAD,2008,135
KANAKAPURA,RAMANAGARA,2008,507
KARKALA,UDUPI,2008,217
KARWAR,UTTARA KANNADA,2008,190
KHANAPUR,BELGAUM,2008,355
KOLAR,KOLAR,2008,481
KOLLEGAL,CHAMARAJANAGARA,2008,130
KOPPA,CHIKKAMANGALORE,2008,152
KOPPAL,KOPPAL,2008,285
KORATAGERE,TUMKUR MADHUGIRI,2008,284
KRISHNARAJA PET,MANDYA,2008,386
KUDLIGI,BELLARY,2008,326
KUMTA,UTTARA KANNADA,2008,232
KUNDAGOL,DHARWAD,2008,118
KUNIGAL,TUMKUR,2008,465
KUSTAGI,KOPPAL,2008,243
LINGASUGUR,RAICHUR,2008,363
MADDUR,MANDYA,2008,305
MADHUGIRI,TUMKUR MADHUGIRI,2008,391
MADIKERI,KODAGU,2008,161
MAGADI,RAMANAGARA,2008,440
MALAVALLY,MANDYA,2008,307
MALUR,KOLAR,2008,354
MANVI,RAICHUR,2008,338
MOLAKALMUR,CHITRADURGA,2008,167
MOODIGERE,CHIKKAMANGALORE,2008,218
MUDDEBIHAL,BIJAPUR,2008,293
MUDHOL,BAGALKOT,2008,286
MULBAGAL,KOLAR,2008,424
MUNDAGOD,UTTARA KANNADA SIRSI,2008,145
MUNDARAGI,GADAG,2008,114
MYSORE RURAL,MYSORE,2008,290
NAGAMANGALA,MANDYA,2008,396
NANJANAGUD,MYSORE,2008,316
NARAGUND,GADAG,2008,69
NARASIMHARAJAPURA,CHIKKAMANGALORE,2008,114
NAVALGUND,DHARWAD,2008,128
NELAMANGALA,BANGALORE RURAL,2008,331
NIPPANI,BELGAUM CHIKKODI,2008,235
PANDAVAPURA,MANDYA,2008,218
PAVAGADA,TUMKUR MADHUGIRI,2008,274
PERIYA PATNA,MYSORE,2008,319
PUTTUR,DAKSHINA KANNADA,2008,228
RAIBAG,BELGAUM CHIKKODI,2008,389
RAICHUR,RAICHUR,2008,323
RAMANAGARA,RAMANAGARA,2008,358
RAMDURG,BELGAUM,2008,236
RON,GADAG,2008,199
SAGAR,SHIMOGA,2008,359
SAKALESHAPURA,HASSAN,2008,214
SANDUR,BELLARY,2008,196
SAVANUR,HAVERI,2008,125
SEDAM,GULBARGA,2008,254
SHAHAPUR,YADAGIRI,2008,307
SHIGGOAN,HAVERI,2008,187
SHIKARIPUR,SHIMOGA,2008,274
SHIMOGA,SHIMOGA,2008,475
SHIRHATTI,GADAG,2008,159
SHORAPUR,YADAGIRI,2008,385
SIDDAPUR,UTTARA KANNADA SIRSI,2008,233
SIDLAGHATTA,CHIKKABALLAPURA,2008,304
SINDAGI,BIJAPUR,2008,391
SINDHANUR,RAICHUR,2008,384
SIRA,TUMKUR MADHUGIRI,2008,460
SIRSI,UTTARA KANNADA SIRSI,2008,320
SIRUGUPPA,BELLARY,2008,226
SOMAVARPET,KODAGU,2008,195
SORAB,SHIMOGA,2008,326
SOUNDATTI,BELGAUM,2008,257
SRINGERI,CHIKKAMANGALORE,2008,76
SRINIVASAPUR,KOLAR,2008,374
SRIRANGA PATNA,MANDYA,2008,176
SULLIA,DAKSHINA KANNADA,2008,166
T.N.PURA,MYSORE,2008,265
TARIKERE,CHIKKAMANGALORE,2008,282
THIRTHAHALLI,SHIMOGA,2008,271
TIPTUR,TUMKUR,2008,329
TUMKUR,TUMKUR,2008,668
TURUVEKERE,TUMKUR,2008,338
UDUPI,UDUPI,2008,168
VIRAJPET,KODAGU,2008,179
YADGIR,YADAGIRI,2008,326
YELANDUR,CHAMARAJANAGARA,2008,72
YELBURGA,KOPPAL,2008,223
YELLAPUR,UTTARA KANNADA SIRSI,2008,196
AFZALPUR,GULBARGA,2009,206
ALAND,GULBARGA,2009,318
ALUR,HASSAN,2009,197
ANKOLA,UTTARA KANNADA,2009,174
ARAKALAGUDU,HASSAN,2009,361
ARASIKERE,HASSAN,2009,500
ATHANI,BELGAUM CHIKKODI,2009,414
AURAD,BIDAR,2009,339
BADAMI,BAGALKOT,2009,283
BAGALKOT,BAGALKOT,2009,243
BAGEPALLY,CHIKKABALLAPURA,2009,355
BAILHONGAL,BELGAUM,2009,288
BANGARAPETE,KOLAR,2009,383
BANTWAL,DAKSHINA KANNADA,2009,298
BASAVAKALYAN,BIDAR,2009,323
BASAVAN  BAGEWADI,BIJAPUR,2009,353
BELGAUM CITY,BELGAUM,2009,229
BELGAUM RURAL.,BELGAUM,2009,325
BELTHANGADY,DAKSHINA KANNADA,2009,228
BELUR,HASSAN,2009,358
BHADRAVATI,SHIMOGA,2009,357
BHALKI,BIDAR,2009,326
BHATKAL,UTTARA KANNADA,2009,196
BIDAR,BIDAR,2009,490
BILAGI,BAGALKOT,2009,165
BYADAGI,HAVERI,2009,125
CHALLAKERE,CHITRADURGA,2009,432
CHAMARAJA NAGAR,CHAMARAJANAGARA,2009,326
CHANNAGIRI,DAVANAGERE,2009,348
CHANNAPATNA,RAMANAGARA,2009,288
CHANNARAYAPATNA,HASSAN,2009,472
CHIKKABALLAPUR,CHIKKABALLAPURA,2009,303
CHIKMAGALUR,CHIKKAMANGALORE,2009,427
CHIKNAYAKANHALLI,TUMKUR,2009,356
CHIKODI,BELGAUM CHIKKODI,2009,315
CHINCHOLI,GULBARGA,2009,307
CHINTAMANI,CHIKKABALLAPURA,2009,439
CHITRADURGA,CHITRADURGA,2009,420
CHITTAPUR,GULBARGA,2009,358
DAVANAGERE(N),DAVANAGERE,2009,246
DAVANAGERE(S),DAVANAGERE,2009,287
DEVADURGA,RAICHUR,2009,347
DEVANAHALLI,BANGALORE RURAL,2009,269
DHARWAD,DHARWAD,2009,213
DODDABALLAPURA,BANGALORE RURAL,2009,408
GANGAVATHI,KOPPAL,2009,418
GOKAK,BELGAUM CHIKKODI,2009,220
GOWRIBIDANUR,CHIKKABALLAPURA,2009,356
GUBBI,TUMKUR,2009,450
GUDIBANDA,CHIKKABALLAPURA,2009,115
GUNDULPET,CHAMARAJANAGARA,2009,213
H.D.KOTE,MYSORE,2009,360
HADAGALI,BELLARY,2009,181
HAGARIBOMMANAHALLI,BELLARY,2009,162
HALIYAL,UTTARA KANNADA SIRSI,2009,180
HANAGAL,HAVERI,2009,260
HARAPANAHALLI,DAVANAGERE,2009,315
HARIHARA,DAVANAGERE,2009,206
HASSAN,HASSAN,2009,537
HAVERI,HAVERI,2009,211
HIREKERUR,HAVERI,2009,234
HIRIYUR,CHITRADURGA,2009,370
HOLALKERE,CHITRADURGA,2009,268
HOLENARASIPURA,HASSAN,2009,295
HONNALI,DAVANAGERE,2009,250
HONNAVAR,UTTARA KANNADA,2009,304
HOSADURGA,CHITRADURGA,2009,336
HOSAKOTE,BANGALORE RURAL,2009,320
HOSANAGAR,SHIMOGA,2009,245
HOSPET,BELLARY,2009,296
HUBLI,DHARWAD,2009,156
HUKKERI,BELGAUM CHIKKODI,2009,326
HUMNABAD,BIDAR,2009,313
HUNAGUND,BAGALKOT,2009,293
HUNSUR,MYSORE,2009,335
INDI,BIJAPUR,2009,331
JAMAKHANDI,BAGALKOT,2009,390
JEWARGI,GULBARGA,2009,287
JOIDA,UTTARA KANNADA SIRSI,2009,178
K.R.NAGARA,MYSORE,2009,269
KADUR,CHIKKAMANGALORE,2009,275
KALGHATAGI,DHARWAD,2009,138
KANAKAPURA,RAMANAGARA,2009,505
KARKALA,UDUPI,2009,218
KARWAR,UTTARA KANNADA,2009,190
KHANAPUR,BELGAUM,2009,359
KOLAR,KOLAR,2009,480
KOLLEGAL,CHAMARAJANAGARA,2009,132
KOPPA,CHIKKAMANGALORE,2009,148
KOPPAL,KOPPAL,2009,295
KORATAGERE,TUMKUR MADHUGIRI,2009,285
KRISHNARAJA PET,MANDYA,2009,381
KUDLIGI,BELLARY,2009,330
KUMTA,UTTARA KANNADA,2009,232
KUNDAGOL,DHARWAD,2009,123
KUNIGAL,TUMKUR,2009,465
KUSTAGI,KOPPAL,2009,246
LINGASUGUR,RAICHUR,2009,375
MADDUR,MANDYA,2009,307
MADHUGIRI,TUMKUR MADHUGIRI,2009,402
MADIKERI,KODAGU,2009,160
MAGADI,RAMANAGARA,2009,444
MALAVALLY,MANDYA,2009,311
MALUR,KOLAR,2009,354
MANVI,RAICHUR,2009,360
MOLAKALMUR,CHITRADURGA,2009,169
MOODIGERE,CHIKKAMANGALORE,2009,211
MUDDEBIHAL,BIJAPUR,2009,298
MUDHOL,BAGALKOT,2009,290
MULBAGAL,KOLAR,2009,422
MUNDAGOD,UTTARA KANNADA SIRSI,2009,143
MUNDARAGI,GADAG,2009,116
MYSORE RURAL,MYSORE,2009,297
NAGAMANGALA,MANDYA,2009,392
NANJANAGUD,MYSORE,2009,317
NARAGUND,GADAG,2009,67
NARASIMHARAJAPURA,CHIKKAMANGALORE,2009,114
NAVALGUND,DHARWAD,2009,134
NELAMANGALA,BANGALORE RURAL,2009,332
NIPPANI,BELGAUM CHIKKODI,2009,253
PANDAVAPURA,MANDYA,2009,218
PAVAGADA,TUMKUR MADHUGIRI,2009,273
PERIYA PATNA,MYSORE,2009,320
PUTTUR,DAKSHINA KANNADA,2009,231
RAIBAG,BELGAUM CHIKKODI,2009,395
RAICHUR,RAICHUR,2009,334
RAMANAGARA,RAMANAGARA,2009,367
RAMDURG,BELGAUM,2009,234
RON,GADAG,2009,203
SAGAR,SHIMOGA,2009,362
SAKALESHAPURA,HASSAN,2009,209
SANDUR,BELLARY,2009,193
SAVANUR,HAVERI,2009,126
SEDAM,GULBARGA,2009,263
SHAHAPUR,YADAGIRI,2009,331
SHIGGOAN,HAVERI,2009,189
SHIKARIPUR,SHIMOGA,2009,277
SHIMOGA,SHIMOGA,2009,477
SHIRHATTI,GADAG,2009,167
SHORAPUR,YADAGIRI,2009,398
SIDDAPUR,UTTARA KANNADA SIRSI,2009,235
SIDLAGHATTA,CHIKKABALLAPURA,2009,302
SINDAGI,BIJAPUR,2009,398
SINDHANUR,RAICHUR,2009,389
SIRA,TUMKUR MADHUGIRI,2009,470
SIRSI,UTTARA KANNADA SIRSI,2009,323
SIRUGUPPA,BELLARY,2009,230
SOMAVARPET,KODAGU,2009,195
SORAB,SHIMOGA,2009,326
SOUNDATTI,BELGAUM,2009,274
SRINGERI,CHIKKAMANGALORE,2009,76
SRINIVASAPUR,KOLAR,2009,377
SRIRANGA PATNA,MANDYA,2009,170
SULLIA,DAKSHINA KANNADA,2009,166
T.N.PURA,MYSORE,2009,270
TARIKERE,CHIKKAMANGALORE,2009,272
THIRTHAHALLI,SHIMOGA,2009,271
TIPTUR,TUMKUR,2009,332
TUMKUR,TUMKUR,2009,674
TURUVEKERE,TUMKUR,2009,341
UDUPI,UDUPI,2009,171
VIRAJPET,KODAGU,2009,180
YADGIR,YADAGIRI,2009,345
YELANDUR,CHAMARAJANAGARA,2009,73
YELBURGA,KOPPAL,2009,228
YELLAPUR,UTTARA KANNADA SIRSI,2009,195
AFZALPUR,GULBARGA,2010,217
ALAND,GULBARGA,2010,329
ALUR,HASSAN,2010,200
ANKOLA,UTTARA KANNADA,2010,171
ARAKALAGUDU,HASSAN,2010,363
ARASIKERE,HASSAN,2010,501
ATHANI,BELGAUM CHIKKODI,2010,412
AURAD,BIDAR,2010,364
BADAMI,BAGALKOT,2010,286
BAGALKOT,BAGALKOT,2010,243
BAGEPALLY,CHIKKABALLAPURA,2010,349
BAILHONGAL,BELGAUM,2010,295
BANGARAPETE,KOLAR,2010,385
BANTWAL,DAKSHINA KANNADA,2010,299
BASAVAKALYAN,BIDAR,2010,333
BASAVAN  BAGEWADI,BIJAPUR,2010,373
BELGAUM CITY,BELGAUM,2010,242
BELGAUM RURAL.,BELGAUM,2010,330
BELTHANGADY,DAKSHINA KANNADA,2010,228
BELUR,HASSAN,2010,366
BHADRAVATI,SHIMOGA,2010,357
BHALKI,BIDAR,2010,337
BHATKAL,UTTARA KANNADA,2010,197
BIDAR,BIDAR,2010,521
BILAGI,BAGALKOT,2010,169
BYADAGI,HAVERI,2010,126
CHALLAKERE,CHITRADURGA,2010,437
CHAMARAJA NAGAR,CHAMARAJANAGARA,2010,329
CHANNAGIRI,DAVANAGERE,2010,351
CHANNAPATNA,RAMANAGARA,2010,298
CHANNARAYAPATNA,HASSAN,2010,484
CHIKKABALLAPUR,CHIKKABALLAPURA,2010,310
CHIKMAGALUR,CHIKKAMANGALORE,2010,436
CHIKNAYAKANHALLI,TUMKUR,2010,353
CHIKODI,BELGAUM CHIKKODI,2010,325
CHINCHOLI,GULBARGA,2010,314
CHINTAMANI,CHIKKABALLAPURA,2010,436
CHITRADURGA,CHITRADURGA,2010,425
CHITTAPUR,GULBARGA,2010,368
DAVANAGERE(N),DAVANAGERE,2010,250
DAVANAGERE(S),DAVANAGERE,2010,293
DEVADURGA,RAICHUR,2010,352
DEVANAHALLI,BANGALORE RURAL,2010,265
DHARWAD,DHARWAD,2010,194
DODDABALLAPURA,BANGALORE RURAL,2010,405
GANGAVATHI,KOPPAL,2010,432
GOKAK,BELGAUM CHIKKODI,2010,218
GOWRIBIDANUR,CHIKKABALLAPURA,2010,359
GUBBI,TUMKUR,2010,436
GUDIBANDA,CHIKKABALLAPURA,2010,116
GUNDULPET,CHAMARAJANAGARA,2010,215
H.D.KOTE,MYSORE,2010,364
HADAGALI,BELLARY,2010,192
HAGARIBOMMANAHALLI,BELLARY,2010,168
HALIYAL,UTTARA KANNADA SIRSI,2010,184
HANAGAL,HAVERI,2010,263
HARAPANAHALLI,DAVANAGERE,2010,318
HARIHARA,DAVANAGERE,2010,208
HASSAN,HASSAN,2010,545
HAVERI,HAVERI,2010,215
HIREKERUR,HAVERI,2010,243
HIRIYUR,CHITRADURGA,2010,368
HOLALKERE,CHITRADURGA,2010,271
HOLENARASIPURA,HASSAN,2010,300
HONNALI,DAVANAGERE,2010,249
HONNAVAR,UTTARA KANNADA,2010,305
HOSADURGA,CHITRADURGA,2010,338
HOSAKOTE,BANGALORE RURAL,2010,319
HOSANAGAR,SHIMOGA,2010,250
HOSPET,BELLARY,2010,306
HUBLI,DHARWAD,2010,160
HUKKERI,BELGAUM CHIKKODI,2010,329
HUMNABAD,BIDAR,2010,329
HUNAGUND,BAGALKOT,2010,291
HUNSUR,MYSORE,2010,339
INDI,BIJAPUR,2010,352
JAMAKHANDI,BAGALKOT,2010,403
JEWARGI,GULBARGA,2010,294
JOIDA,UTTARA KANNADA SIRSI,2010,168
K.R.NAGARA,MYSORE,2010,275
KADUR,CHIKKAMANGALORE,2010,280
KALGHATAGI,DHARWAD,2010,137
KANAKAPURA,RAMANAGARA,2010,515
KARKALA,UDUPI,2010,219
KARWAR,UTTARA KANNADA,2010,196
KHANAPUR,BELGAUM,2010,364
KOLAR,KOLAR,2010,482
KOLLEGAL,CHAMARAJANAGARA,2010,135
KOPPA,CHIKKAMANGALORE,2010,149
KOPPAL,KOPPAL,2010,300
KORATAGERE,TUMKUR MADHUGIRI,2010,288
KRISHNARAJA PET,MANDYA,2010,384
KUDLIGI,BELLARY,2010,338
KUMTA,UTTARA KANNADA,2010,227
KUNDAGOL,DHARWAD,2010,121
KUNIGAL,TUMKUR,2010,463
KUSTAGI,KOPPAL,2010,251
LINGASUGUR,RAICHUR,2010,386
MADDUR,MANDYA,2010,311
MADHUGIRI,TUMKUR MADHUGIRI,2010,403
MADIKERI,KODAGU,2010,160
MAGADI,RAMANAGARA,2010,447
MALAVALLY,MANDYA,2010,312
MALUR,KOLAR,2010,358
MANVI,RAICHUR,2010,373
MOLAKALMUR,CHITRADURGA,2010,170
MOODIGERE,CHIKKAMANGALORE,2010,211
MUDDEBIHAL,BIJAPUR,2010,318
MUDHOL,BAGALKOT,2010,294
MULBAGAL,KOLAR,2010,429
MUNDAGOD,UTTARA KANNADA SIRSI,2010,145
MUNDARAGI,GADAG,2010,119
MYSORE RURAL,MYSORE,2010,305
NAGAMANGALA,MANDYA,2010,385
NANJANAGUD,MYSORE,2010,322
NARAGUND,GADAG,2010,69
NARASIMHARAJAPURA,CHIKKAMANGALORE,2010,117
NAVALGUND,DHARWAD,2010,135
NELAMANGALA,BANGALORE RURAL,2010,329
NIPPANI,BELGAUM CHIKKODI,2010,248
PANDAVAPURA,MANDYA,2010,221
PAVAGADA,TUMKUR MADHUGIRI,2010,284
PERIYA PATNA,MYSORE,2010,324
PUTTUR,DAKSHINA KANNADA,2010,235
RAIBAG,BELGAUM CHIKKODI,2010,411
RAICHUR,RAICHUR,2010,378
RAMANAGARA,RAMANAGARA,2010,366
RAMDURG,BELGAUM,2010,239
RON,GADAG,2010,207
SAGAR,SHIMOGA,2010,365
SAKALESHAPURA,HASSAN,2010,212
SANDUR,BELLARY,2010,204
SAVANUR,HAVERI,2010,132
SEDAM,GULBARGA,2010,281
SHAHAPUR,YADAGIRI,2010,343
SHIGGOAN,HAVERI,2010,193
SHIKARIPUR,SHIMOGA,2010,276
SHIMOGA,SHIMOGA,2010,493
SHIRHATTI,GADAG,2010,168
SHORAPUR,YADAGIRI,2010,421
SIDDAPUR,UTTARA KANNADA SIRSI,2010,232
SIDLAGHATTA,CHIKKABALLAPURA,2010,310
SINDAGI,BIJAPUR,2010,421
SINDHANUR,RAICHUR,2010,416
SIRA,TUMKUR MADHUGIRI,2010,475
SIRSI,UTTARA KANNADA SIRSI,2010,322
SIRUGUPPA,BELLARY,2010,233
SOMAVARPET,KODAGU,2010,196
SORAB,SHIMOGA,2010,328
SOUNDATTI,BELGAUM,2010,277
SRINGERI,CHIKKAMANGALORE,2010,76
SRINIVASAPUR,KOLAR,2010,372
SRIRANGA PATNA,MANDYA,2010,173
SULLIA,DAKSHINA KANNADA,2010,167
T.N.PURA,MYSORE,2010,274
TARIKERE,CHIKKAMANGALORE,2010,281
THIRTHAHALLI,SHIMOGA,2010,259
TIPTUR,TUMKUR,2010,330
TUMKUR,TUMKUR,2010,652
TURUVEKERE,TUMKUR,2010,340
UDUPI,UDUPI,2010,170
VIRAJPET,KODAGU,2010,179
YADGIR,YADAGIRI,2010,357
YELANDUR,CHAMARAJANAGARA,2010,75
YELBURGA,KOPPAL,2010,236
YELLAPUR,UTTARA KANNADA SIRSI,2010,192
AFZALPUR,GULBARGA,2011,267
ALAND,GULBARGA,2011,412
ALUR,HASSAN,2011,228
ANKOLA,UTTARA KANNADA,2011,197
ARAKALAGUDU,HASSAN,2011,412
ARASIKERE,HASSAN,2011,578
ATHANI,BELGAUM CHIKKODI,2011,481
AURAD,BIDAR,2011,426
BADAMI,BAGALKOT,2011,348
BAGALKOT,BAGALKOT,2011,295
BAGEPALLY,CHIKKABALLAPURA,2011,397
BAILHONGAL,BELGAUM,2011,377
BANGARAPETE,KOLAR,2011,427
BANTWAL,DAKSHINA KANNADA,2011,381
BASAVAKALYAN,BIDAR,2011,426
BASAVAN  BAGEWADI,BIJAPUR,2011,452
BELGAUM CITY,BELGAUM,2011,348
BELGAUM RURAL.,BELGAUM,2011,425
BELTHANGADY,DAKSHINA KANNADA,2011,282
BELUR,HASSAN,2011,407
BHADRAVATI,SHIMOGA,2011,431
BHALKI,BIDAR,2011,404
BHATKAL,UTTARA KANNADA,2011,230
BIDAR,BIDAR,2011,653
BILAGI,BAGALKOT,2011,206
BYADAGI,HAVERI,2011,164
CHALLAKERE,CHITRADURGA,2011,520
CHAMARAJA NAGAR,CHAMARAJANAGARA,2011,394
CHANNAGIRI,DAVANAGERE,2011,423
CHANNAPATNA,RAMANAGARA,2011,344
CHANNARAYAPATNA,HASSAN,2011,558
CHIKKABALLAPUR,CHIKKABALLAPURA,2011,345
CHIKMAGALUR,CHIKKAMANGALORE,2011,502
CHIKNAYAKANHALLI,TUMKUR,2011,411
CHIKODI,BELGAUM CHIKKODI,2011,369
CHINCHOLI,GULBARGA,2011,359
CHINTAMANI,CHIKKABALLAPURA,2011,514
CHITRADURGA,CHITRADURGA,2011,520
CHITTAPUR,GULBARGA,2011,472
DAVANAGERE(N),DAVANAGERE,2011,316
DAVANAGERE(S),DAVANAGERE,2011,400
DEVADURGA,RAICHUR,2011,389
DEVANAHALLI,BANGALORE RURAL,2011,305
DHARWAD,DHARWAD,2011,228
DODDABALLAPURA,BANGALORE RURAL,2011,450
GANGAVATHI,KOPPAL,2011,516
GOKAK,BELGAUM CHIKKODI,2011,260
GOWRIBIDANUR,CHIKKABALLAPURA,2011,415
GUBBI,TUMKUR,2011,490
GUDIBANDA,CHIKKABALLAPURA,2011,129
GUNDULPET,CHAMARAJANAGARA,2011,257
H.D.KOTE,MYSORE,2011,412
HADAGALI,BELLARY,2011,232
HAGARIBOMMANAHALLI,BELLARY,2011,216
HALIYAL,UTTARA KANNADA SIRSI,2011,216
HANAGAL,HAVERI,2011,315
HARAPANAHALLI,DAVANAGERE,2011,377
HARIHARA,DAVANAGERE,2011,262
HASSAN,HASSAN,2011,646
HAVERI,HAVERI,2011,280
HIREKERUR,HAVERI,2011,299
HIRIYUR,CHITRADURGA,2011,432
HOLALKERE,CHITRADURGA,2011,314
HOLENARASIPURA,HASSAN,2011,341
HONNALI,DAVANAGERE,2011,301
HONNAVAR,UTTARA KANNADA,2011,329
HOSADURGA,CHITRADURGA,2011,407
HOSAKOTE,BANGALORE RURAL,2011,349
HOSANAGAR,SHIMOGA,2011,279
HOSPET,BELLARY,2011,382
HUBLI,DHARWAD,2011,203
HUKKERI,BELGAUM CHIKKODI,2011,397
HUMNABAD,BIDAR,2011,447
HUNAGUND,BAGALKOT,2011,364
HUNSUR,MYSORE,2011,401
INDI,BIJAPUR,2011,397
JAMAKHANDI,BAGALKOT,2011,482
JEWARGI,GULBARGA,2011,362
JOIDA,UTTARA KANNADA SIRSI,2011,193
K.R.NAGARA,MYSORE,2011,336
KADUR,CHIKKAMANGALORE,2011,342
KALGHATAGI,DHARWAD,2011,173
KANAKAPURA,RAMANAGARA,2011,569
KARKALA,UDUPI,2011,274
KARWAR,UTTARA KANNADA,2011,231
KHANAPUR,BELGAUM,2011,417
KOLAR,KOLAR,2011,533
KOLLEGAL,CHAMARAJANAGARA,2011,171
KOPPA,CHIKKAMANGALORE,2011,176
KOPPAL,KOPPAL,2011,358
KORATAGERE,TUMKUR MADHUGIRI,2011,327
KRISHNARAJA PET,MANDYA,2011,420
KUDLIGI,BELLARY,2011,402
KUMTA,UTTARA KANNADA,2011,258
KUNDAGOL,DHARWAD,2011,150
KUNIGAL,TUMKUR,2011,521
KUSTAGI,KOPPAL,2011,308
LINGASUGUR,RAICHUR,2011,454
MADDUR,MANDYA,2011,381
MADHUGIRI,TUMKUR MADHUGIRI,2011,460
MADIKERI,KODAGU,2011,190
MAGADI,RAMANAGARA,2011,482
MALAVALLY,MANDYA,2011,371
MALUR,KOLAR,2011,396
MANVI,RAICHUR,2011,437
MOLAKALMUR,CHITRADURGA,2011,195
MOODIGERE,CHIKKAMANGALORE,2011,242
MUDDEBIHAL,BIJAPUR,2011,389
MUDHOL,BAGALKOT,2011,344
MULBAGAL,KOLAR,2011,481
MUNDAGOD,UTTARA KANNADA SIRSI,2011,160
MUNDARAGI,GADAG,2011,151
MYSORE RURAL,MYSORE,2011,368
NAGAMANGALA,MANDYA,2011,433
NANJANAGUD,MYSORE,2011,384
NARAGUND,GADAG,2011,98
NARASIMHARAJAPURA,CHIKKAMANGALORE,2011,137
NAVALGUND,DHARWAD,2011,169
NELAMANGALA,BANGALORE RURAL,2011,365
NIPPANI,BELGAUM CHIKKODI,2011,299
PANDAVAPURA,MANDYA,2011,255
PAVAGADA,TUMKUR MADHUGIRI,2011,348
PERIYA PATNA,MYSORE,2011,363
PUTTUR,DAKSHINA KANNADA,2011,308
RAIBAG,BELGAUM CHIKKODI,2011,490
RAICHUR,RAICHUR,2011,448
RAMANAGARA,RAMANAGARA,2011,422
RAMDURG,BELGAUM,2011,287
RON,GADAG,2011,274
SAGAR,SHIMOGA,2011,410
SAKALESHAPURA,HASSAN,2011,252
SANDUR,BELLARY,2011,234
SAVANUR,HAVERI,2011,166
SEDAM,GULBARGA,2011,320
SHAHAPUR,YADAGIRI,2011,406
SHIGGOAN,HAVERI,2011,229
SHIKARIPUR,SHIMOGA,2011,340
SHIMOGA,SHIMOGA,2011,599
SHIRHATTI,GADAG,2011,209
SHORAPUR,YADAGIRI,2011,489
SIDDAPUR,UTTARA KANNADA SIRSI,2011,263
SIDLAGHATTA,CHIKKABALLAPURA,2011,342
SINDAGI,BIJAPUR,2011,518
SINDHANUR,RAICHUR,2011,498
SIRA,TUMKUR MADHUGIRI,2011,553
SIRSI,UTTARA KANNADA SIRSI,2011,359
SIRUGUPPA,BELLARY,2011,275
SOMAVARPET,KODAGU,2011,257
SORAB,SHIMOGA,2011,370
SOUNDATTI,BELGAUM,2011,343
SRINGERI,CHIKKAMANGALORE,2011,87
SRINIVASAPUR,KOLAR,2011,407
SRIRANGA PATNA,MANDYA,2011,203
SULLIA,DAKSHINA KANNADA,2011,206
T.N.PURA,MYSORE,2011,326
TARIKERE,CHIKKAMANGALORE,2011,320
THIRTHAHALLI,SHIMOGA,2011,296
TIPTUR,TUMKUR,2011,382
TUMKUR,TUMKUR,2011,794
TURUVEKERE,TUMKUR,2011,379
UDUPI,UDUPI,2011,241
VIRAJPET,KODAGU,2011,232
YADGIR,YADAGIRI,2011,429
YELANDUR,CHAMARAJANAGARA,2011,93
YELBURGA,KOPPAL,2011,293
YELLAPUR,UTTARA KANNADA SIRSI,2011,212
AFZALPUR,GULBARGA,2012,242
ALAND,GULBARGA,2012,354
ALUR,HASSAN,2012,197
ANKOLA,UTTARA KANNADA,2012,173
ARAKALAGUDU,HASSAN,2012,352
ARASIKERE,HASSAN,2012,475
ATHANI,BELGAUM CHIKKODI,2012,415
AURAD,BIDAR,2012,374
BADAMI,BAGALKOT,2012,296
BAGALKOT,BAGALKOT,2012,242
BAGEPALLY,CHIKKABALLAPURA,2012,361
BAILHONGAL,BELGAUM,2012,306
BANGARAPETE,KOLAR,2012,383
BANTWAL,DAKSHINA KANNADA,2012,301
BASAVAKALYAN,BIDAR,2012,346
BASAVAN  BAGEWADI,BIJAPUR,2012,405
BELGAUM CITY,BELGAUM,2012,265
BELGAUM RURAL.,BELGAUM,2012,339
BELTHANGADY,DAKSHINA KANNADA,2012,235
BELUR,HASSAN,2012,364
BHADRAVATI,SHIMOGA,2012,358
BHALKI,BIDAR,2012,337
BHATKAL,UTTARA KANNADA,2012,202
BIDAR,BIDAR,2012,580
BILAGI,BAGALKOT,2012,175
BYADAGI,HAVERI,2012,129
CHALLAKERE,CHITRADURGA,2012,449
CHAMARAJA NAGAR,CHAMARAJANAGARA,2012,329
CHANNAGIRI,DAVANAGERE,2012,343
CHANNAPATNA,RAMANAGARA,2012,296
CHANNARAYAPATNA,HASSAN,2012,479
CHIKKABALLAPUR,CHIKKABALLAPURA,2012,315
CHIKMAGALUR,CHIKKAMANGALORE,2012,438
CHIKNAYAKANHALLI,TUMKUR,2012,358
CHIKODI,BELGAUM CHIKKODI,2012,319
CHINCHOLI,GULBARGA,2012,326
CHINTAMANI,CHIKKABALLAPURA,2012,454
CHITRADURGA,CHITRADURGA,2012,434
CHITTAPUR,GULBARGA,2012,394
DAVANAGERE(N),DAVANAGERE,2012,251
DAVANAGERE(S),DAVANAGERE,2012,303
DEVADURGA,RAICHUR,2012,364
DEVANAHALLI,BANGALORE RURAL,2012,274
DHARWAD,DHARWAD,2012,196
DODDABALLAPURA,BANGALORE RURAL,2012,429
GANGAVATHI,KOPPAL,2012,467
GOKAK,BELGAUM CHIKKODI,2012,225
GOWRIBIDANUR,CHIKKABALLAPURA,2012,365
GUBBI,TUMKUR,2012,431
GUDIBANDA,CHIKKABALLAPURA,2012,117
GUNDULPET,CHAMARAJANAGARA,2012,212
H.D.KOTE,MYSORE,2012,357
HADAGALI,BELLARY,2012,193
HAGARIBOMMANAHALLI,BELLARY,2012,174
HALIYAL,UTTARA KANNADA SIRSI,2012,183
HANAGAL,HAVERI,2012,265
HARAPANAHALLI,DAVANAGERE,2012,321
HARIHARA,DAVANAGERE,2012,210
HASSAN,HASSAN,2012,521
HAVERI,HAVERI,2012,227
HIREKERUR,HAVERI,2012,238
HIRIYUR,CHITRADURGA,2012,371
HOLALKERE,CHITRADURGA,2012,272
HOLENARASIPURA,HASSAN,2012,295
HONNALI,DAVANAGERE,2012,245
HONNAVAR,UTTARA KANNADA,2012,302
HOSADURGA,CHITRADURGA,2012,339
HOSAKOTE,BANGALORE RURAL,2012,324
HOSANAGAR,SHIMOGA,2012,250
HOSPET,BELLARY,2012,313
HUBLI,DHARWAD,2012,165
HUKKERI,BELGAUM CHIKKODI,2012,338
HUMNABAD,BIDAR,2012,360
HUNAGUND,BAGALKOT,2012,304
HUNSUR,MYSORE,2012,340
INDI,BIJAPUR,2012,359
JAMAKHANDI,BAGALKOT,2012,415
JEWARGI,GULBARGA,2012,329
JOIDA,UTTARA KANNADA SIRSI,2012,179
K.R.NAGARA,MYSORE,2012,272
KADUR,CHIKKAMANGALORE,2012,286
KALGHATAGI,DHARWAD,2012,139
KANAKAPURA,RAMANAGARA,2012,506
KARKALA,UDUPI,2012,222
KARWAR,UTTARA KANNADA,2012,197
KHANAPUR,BELGAUM,2012,369
KOLAR,KOLAR,2012,477
KOLLEGAL,CHAMARAJANAGARA,2012,137
KOPPA,CHIKKAMANGALORE,2012,150
KOPPAL,KOPPAL,2012,328
KORATAGERE,TUMKUR MADHUGIRI,2012,288
KRISHNARAJA PET,MANDYA,2012,384
KUDLIGI,BELLARY,2012,344
KUMTA,UTTARA KANNADA,2012,229
KUNDAGOL,DHARWAD,2012,122
KUNIGAL,TUMKUR,2012,467
KUSTAGI,KOPPAL,2012,261
LINGASUGUR,RAICHUR,2012,396
MADDUR,MANDYA,2012,317
MADHUGIRI,TUMKUR MADHUGIRI,2012,400
MADIKERI,KODAGU,2012,162
MAGADI,RAMANAGARA,2012,408
MALAVALLY,MANDYA,2012,316
MALUR,KOLAR,2012,359
MANVI,RAICHUR,2012,378
MOLAKALMUR,CHITRADURGA,2012,175
MOODIGERE,CHIKKAMANGALORE,2012,211
MUDDEBIHAL,BIJAPUR,2012,336
MUDHOL,BAGALKOT,2012,312
MULBAGAL,KOLAR,2012,440
MUNDAGOD,UTTARA KANNADA SIRSI,2012,147
MUNDARAGI,GADAG,2012,121
MYSORE RURAL,MYSORE,2012,324
NAGAMANGALA,MANDYA,2012,389
NANJANAGUD,MYSORE,2012,320
NARAGUND,GADAG,2012,70
NARASIMHARAJAPURA,CHIKKAMANGALORE,2012,117
NAVALGUND,DHARWAD,2012,138
NELAMANGALA,BANGALORE RURAL,2012,334
NIPPANI,BELGAUM CHIKKODI,2012,245
PANDAVAPURA,MANDYA,2012,228
PAVAGADA,TUMKUR MADHUGIRI,2012,281
PERIYA PATNA,MYSORE,2012,327
PUTTUR,DAKSHINA KANNADA,2012,234
RAIBAG,BELGAUM CHIKKODI,2012,425
RAICHUR,RAICHUR,2012,401
RAMANAGARA,RAMANAGARA,2012,353
RAMDURG,BELGAUM,2012,255
RON,GADAG,2012,211
SAGAR,SHIMOGA,2012,365
SAKALESHAPURA,HASSAN,2012,210
SANDUR,BELLARY,2012,207
SAVANUR,HAVERI,2012,139
SEDAM,GULBARGA,2012,286
SHAHAPUR,YADAGIRI,2012,374
SHIGGOAN,HAVERI,2012,197
SHIKARIPUR,SHIMOGA,2012,283
SHIMOGA,SHIMOGA,2012,498
SHIRHATTI,GADAG,2012,182
SHORAPUR,YADAGIRI,2012,434
SIDDAPUR,UTTARA KANNADA SIRSI,2012,231
SIDLAGHATTA,CHIKKABALLAPURA,2012,312
SINDAGI,BIJAPUR,2012,470
SINDHANUR,RAICHUR,2012,432
SIRA,TUMKUR MADHUGIRI,2012,484
SIRSI,UTTARA KANNADA SIRSI,2012,321
SIRUGUPPA,BELLARY,2012,247
SOMAVARPET,KODAGU,2012,199
SORAB,SHIMOGA,2012,332
SOUNDATTI,BELGAUM,2012,289
SRINGERI,CHIKKAMANGALORE,2012,76
SRINIVASAPUR,KOLAR,2012,369
SRIRANGA PATNA,MANDYA,2012,176
SULLIA,DAKSHINA KANNADA,2012,166
T.N.PURA,MYSORE,2012,275
TARIKERE,CHIKKAMANGALORE,2012,285
THIRTHAHALLI,SHIMOGA,2012,261
TIPTUR,TUMKUR,2012,324
TUMKUR,TUMKUR,2012,655
TURUVEKERE,TUMKUR,2012,329
UDUPI,UDUPI,2012,171
VIRAJPET,KODAGU,2012,176
YADGIR,YADAGIRI,2012,386
YELANDUR,CHAMARAJANAGARA,2012,77
YELBURGA,KOPPAL,2012,245
YELLAPUR,UTTARA KANNADA SIRSI,2012,193
AFZALPUR,GULBARGA,2013,253
ALAND,GULBARGA,2013,357
ALUR,HASSAN,2013,199
ANKOLA,UTTARA KANNADA,2013,174
ARAKALAGUDU,HASSAN,2013,355
ARASIKERE,HASSAN,2013,480
ATHANI,BELGAUM CHIKKODI,2013,419
AURAD,BIDAR,2013,382
BADAMI,BAGALKOT,2013,298
BAGALKOT,BAGALKOT,2013,243
BAGEPALLY,CHIKKABALLAPURA,2013,362
BAILHONGAL,BELGAUM,2013,309
BANGARAPETE,KOLAR,2013,383
BANTWAL,DAKSHINA KANNADA,2013,302
BASAVAKALYAN,BIDAR,2013,370
BASAVAN  BAGEWADI,BIJAPUR,2013,410
BELGAUM CITY,BELGAUM,2013,264
BELGAUM RURAL.,BELGAUM,2013,338
BELTHANGADY,DAKSHINA KANNADA,2013,237
BELUR,HASSAN,2013,365
BHADRAVATI,SHIMOGA,2013,355
BHALKI,BIDAR,2013,345
BHATKAL,UTTARA KANNADA,2013,204
BIDAR,BIDAR,2013,600
BILAGI,BAGALKOT,2013,173
BYADAGI,HAVERI,2013,130
CHALLAKERE,CHITRADURGA,2013,450
CHAMARAJA NAGAR,CHAMARAJANAGARA,2013,329
CHANNAGIRI,DAVANAGERE,2013,345
CHANNAPATNA,RAMANAGARA,2013,293
CHANNARAYAPATNA,HASSAN,2013,479
CHIKKABALLAPUR,CHIKKABALLAPURA,2013,308
CHIKMAGALUR,CHIKKAMANGALORE,2013,441
CHIKNAYAKANHALLI,TUMKUR,2013,357
CHIKODI,BELGAUM CHIKKODI,2013,323
CHINCHOLI,GULBARGA,2013,335
CHINTAMANI,CHIKKABALLAPURA,2013,452
CHITRADURGA,CHITRADURGA,2013,437
CHITTAPUR,GULBARGA,2013,399
DAVANAGERE(N),DAVANAGERE,2013,258
DAVANAGERE(S),DAVANAGERE,2013,306
DEVADURGA,RAICHUR,2013,365
DEVANAHALLI,BANGALORE RURAL,2013,277
DHARWAD,DHARWAD,2013,199
DODDABALLAPURA,BANGALORE RURAL,2013,426
GANGAVATHI,KOPPAL,2013,472
GOKAK,BELGAUM CHIKKODI,2013,227
GOWRIBIDANUR,CHIKKABALLAPURA,2013,365
GUBBI,TUMKUR,2013,429
GUDIBANDA,CHIKKABALLAPURA,2013,119
GUNDULPET,CHAMARAJANAGARA,2013,212
H.D.KOTE,MYSORE,2013,356
HADAGALI,BELLARY,2013,193
HAGARIBOMMANAHALLI,BELLARY,2013,172
HALIYAL,UTTARA KANNADA SIRSI,2013,183
HANAGAL,HAVERI,2013,264
HARAPANAHALLI,DAVANAGERE,2013,326
HARIHARA,DAVANAGERE,2013,212
HASSAN,HASSAN,2013,520
HAVERI,HAVERI,2013,230
HIREKERUR,HAVERI,2013,239
HIRIYUR,CHITRADURGA,2013,374
HOLALKERE,CHITRADURGA,2013,272
HOLENARASIPURA,HASSAN,2013,295
HONNALI,DAVANAGERE,2013,248
HONNAVAR,UTTARA KANNADA,2013,303
HOSADURGA,CHITRADURGA,2013,343
HOSAKOTE,BANGALORE RURAL,2013,337
HOSANAGAR,SHIMOGA,2013,244
HOSPET,BELLARY,2013,319
HUBLI,DHARWAD,2013,171
HUKKERI,BELGAUM CHIKKODI,2013,337
HUMNABAD,BIDAR,2013,372
HUNAGUND,BAGALKOT,2013,302
HUNSUR,MYSORE,2013,343
INDI,BIJAPUR,2013,357
JAMAKHANDI,BAGALKOT,2013,421
JEWARGI,GULBARGA,2013,328
JOIDA,UTTARA KANNADA SIRSI,2013,179
K.R.NAGARA,MYSORE,2013,269
KADUR,CHIKKAMANGALORE,2013,289
KALGHATAGI,DHARWAD,2013,140
KANAKAPURA,RAMANAGARA,2013,511
KARKALA,UDUPI,2013,219
KARWAR,UTTARA KANNADA,2013,199
KHANAPUR,BELGAUM,2013,367
KOLAR,KOLAR,2013,480
KOLLEGAL,CHAMARAJANAGARA,2013,136
KOPPA,CHIKKAMANGALORE,2013,150
KOPPAL,KOPPAL,2013,332
KORATAGERE,TUMKUR MADHUGIRI,2013,288
KRISHNARAJA PET,MANDYA,2013,381
KUDLIGI,BELLARY,2013,343
KUMTA,UTTARA KANNADA,2013,227
KUNDAGOL,DHARWAD,2013,127
KUNIGAL,TUMKUR,2013,465
KUSTAGI,KOPPAL,2013,272
LINGASUGUR,RAICHUR,2013,402
MADDUR,MANDYA,2013,309
MADHUGIRI,TUMKUR MADHUGIRI,2013,400
MADIKERI,KODAGU,2013,163
MAGADI,RAMANAGARA,2013,410
MALAVALLY,MANDYA,2013,305
MALUR,KOLAR,2013,359
MANVI,RAICHUR,2013,392
MOLAKALMUR,CHITRADURGA,2013,176
MOODIGERE,CHIKKAMANGALORE,2013,213
MUDDEBIHAL,BIJAPUR,2013,343
MUDHOL,BAGALKOT,2013,318
MULBAGAL,KOLAR,2013,438
MUNDAGOD,UTTARA KANNADA SIRSI,2013,147
MUNDARAGI,GADAG,2013,120
MYSORE RURAL,MYSORE,2013,332
NAGAMANGALA,MANDYA,2013,360
NANJANAGUD,MYSORE,2013,315
NARAGUND,GADAG,2013,74
NARASIMHARAJAPURA,CHIKKAMANGALORE,2013,118
NAVALGUND,DHARWAD,2013,142
NELAMANGALA,BANGALORE RURAL,2013,331
NIPPANI,BELGAUM CHIKKODI,2013,247
PANDAVAPURA,MANDYA,2013,220
PAVAGADA,TUMKUR MADHUGIRI,2013,281
PERIYA PATNA,MYSORE,2013,320
PUTTUR,DAKSHINA KANNADA,2013,235
RAIBAG,BELGAUM CHIKKODI,2013,441
RAICHUR,RAICHUR,2013,416
RAMANAGARA,RAMANAGARA,2013,353
RAMDURG,BELGAUM,2013,258
RON,GADAG,2013,209
SAGAR,SHIMOGA,2013,363
SAKALESHAPURA,HASSAN,2013,210
SANDUR,BELLARY,2013,203
SAVANUR,HAVERI,2013,140
SEDAM,GULBARGA,2013,287
SHAHAPUR,YADAGIRI,2013,378
SHIGGOAN,HAVERI,2013,194
SHIKARIPUR,SHIMOGA,2013,285
SHIMOGA,SHIMOGA,2013,499
SHIRHATTI,GADAG,2013,176
SHORAPUR,YADAGIRI,2013,445
SIDDAPUR,UTTARA KANNADA SIRSI,2013,231
SIDLAGHATTA,CHIKKABALLAPURA,2013,310
SINDAGI,BIJAPUR,2013,474
SINDHANUR,RAICHUR,2013,437
SIRA,TUMKUR MADHUGIRI,2013,486
SIRSI,UTTARA KANNADA SIRSI,2013,320
SIRUGUPPA,BELLARY,2013,237
SOMAVARPET,KODAGU,2013,202
SORAB,SHIMOGA,2013,330
SOUNDATTI,BELGAUM,2013,290
SRINGERI,CHIKKAMANGALORE,2013,76
SRINIVASAPUR,KOLAR,2013,360
SRIRANGA PATNA,MANDYA,2013,178
SULLIA,DAKSHINA KANNADA,2013,167
T.N.PURA,MYSORE,2013,269
TARIKERE,CHIKKAMANGALORE,2013,286
THIRTHAHALLI,SHIMOGA,2013,248
TIPTUR,TUMKUR,2013,319
TUMKUR,TUMKUR,2013,646
TURUVEKERE,TUMKUR,2013,321
UDUPI,UDUPI,2013,172
VIRAJPET,KODAGU,2013,177
YADGIR,YADAGIRI,2013,389
YELANDUR,CHAMARAJANAGARA,2013,77
YELBURGA,KOPPAL,2013,260
YELLAPUR,UTTARA KANNADA SIRSI,2013,193
